Street Address,City,State,ZIP Code,Price,Bedrooms,Bathrooms,Square Footage,Property Type
4311 Main St,San Jose,CA,95132,2850000,5,4,2596,Single Family
7446 Main St,San Jose,CA,95158,1483000,6,4,1796,Apartment
2515 Main St,San Jose,CA,95160,649000,4,4,3511,Apartment
6960 Main St,San Jose,CA,95128,1177000,1,4,1427,Apartment
3687 Main St,San Jose,CA,95183,2136000,2,2,4544,Condo
4219 Main St,San Jose,CA,95172,1735000,5,3,4591,Single Family
7641 Main St,San Jose,CA,95128,2075000,6,2,3452,Condo
599 Main St,San Jose,CA,95125,2670000,2,2,4339,Townhouse
3134 Main St,San Jose,CA,95171,1427000,3,4,3068,Single Family
7649 Main St,San Jose,CA,95174,1143000,6,2,835,Apartment
8400 Main St,San Jose,CA,95144,1661000,3,3,1749,Townhouse
8533 Main St,San Jose,CA,95172,1299000,4,1,1720,Townhouse
7480 Main St,San Jose,CA,95142,1923000,2,2,3848,Townhouse
1565 Main St,San Jose,CA,95170,1257000,2,4,878,Apartment
7108 Main St,San Jose,CA,95115,2190000,2,1,4527,Apartment
374 Main St,San Jose,CA,95136,574000,2,2,2211,Townhouse
7459 Main St,San Jose,CA,95123,1745000,3,3,4415,Townhouse
4173 Main St,San Jose,CA,95141,2507000,1,4,3976,Single Family
2889 Main St,San Jose,CA,95113,2276000,3,4,1193,Apartment
9496 Main St,San Jose,CA,95171,2537000,6,2,4595,Townhouse
2687 Main St,San Jose,CA,95127,1218000,6,1,2677,Townhouse
2074 Main St,San Jose,CA,95180,1183000,1,4,4470,Condo
6781 Main St,San Jose,CA,95190,823000,6,1,3206,Townhouse
2077 Main St,San Jose,CA,95157,2795000,6,4,1507,Condo
2843 Main St,San Jose,CA,95186,3000000,1,1,3619,Townhouse
9308 Main St,San Jose,CA,95193,697000,2,4,1382,Apartment
7960 Main St,San Jose,CA,95138,1999000,4,1,2814,Single Family
3439 Main St,San Jose,CA,95198,590000,1,2,1615,Townhouse
5614 Main St,San Jose,CA,95185,558000,3,1,3212,Condo
1360 Main St,San Jose,CA,95142,2276000,5,3,1921,Apartment
2112 Main St,San Jose,CA,95132,2215000,1,1,2781,Condo
467 Main St,San Jose,CA,95122,2431000,4,3,3886,Condo
1056 Main St,San Jose,CA,95180,2035000,2,4,3387,Apartment
429 Main St,San Jose,CA,95116,1538000,1,2,1530,Single Family
4529 Main St,San Jose,CA,95137,2851000,3,1,4599,Apartment
6568 Main St,San Jose,CA,95152,1425000,3,1,4666,Apartment
2454 Main St,San Jose,CA,95175,2083000,1,3,2426,Single Family
4991 Main St,San Jose,CA,95144,2333000,4,3,2774,Single Family
7612 Main St,San Jose,CA,95153,1772000,6,4,4734,Condo
7451 Main St,San Jose,CA,95113,1967000,5,4,4042,Condo
5974 Main St,San Jose,CA,95146,2536000,2,3,2699,Townhouse
2596 Main St,San Jose,CA,95113,1652000,5,4,4394,Condo
2415 Main St,San Jose,CA,95194,1870000,2,1,4392,Townhouse
434 Main St,San Jose,CA,95164,640000,6,3,2546,Townhouse
6245 Main St,San Jose,CA,95184,1772000,1,2,4116,Townhouse
6595 Main St,San Jose,CA,95180,605000,4,3,820,Townhouse
5444 Main St,San Jose,CA,95197,1179000,2,4,2344,Single Family
9323 Main St,San Jose,CA,95171,2624000,1,2,4050,Condo
3922 Main St,San Jose,CA,95137,1428000,3,2,3263,Townhouse
5510 Main St,San Jose,CA,95117,914000,3,4,1122,Condo
6582 Main St,San Jose,CA,95141,959000,3,2,3790,Townhouse
1652 Main St,San Jose,CA,95116,2529000,3,4,1910,Single Family
6322 Main St,San Jose,CA,95173,2237000,1,4,1668,Single Family
7067 Main St,San Jose,CA,95112,2509000,1,3,3275,Apartment
2599 Main St,San Jose,CA,95170,2270000,2,2,1360,Condo
9669 Main St,San Jose,CA,95142,1634000,5,2,4205,Apartment
1204 Main St,San Jose,CA,95142,989000,1,4,4314,Condo
7674 Main St,San Jose,CA,95120,2615000,6,3,1382,Single Family
6562 Main St,San Jose,CA,95125,2946000,5,3,3368,Townhouse
1381 Main St,San Jose,CA,95119,2574000,5,2,2904,Townhouse
7589 Main St,San Jose,CA,95116,1990000,6,2,4047,Single Family
9542 Main St,San Jose,CA,95156,1725000,1,1,4939,Townhouse
2785 Main St,San Jose,CA,95147,794000,2,4,3775,Condo
7240 Main St,San Jose,CA,95146,2018000,1,4,837,Townhouse
8709 Main St,San Jose,CA,95192,557000,5,3,4216,Apartment
7274 Main St,San Jose,CA,95172,1083000,5,4,2233,Apartment
8014 Main St,San Jose,CA,95112,2902000,5,4,3914,Townhouse
9678 Main St,San Jose,CA,95140,1105000,4,2,3400,Single Family
2099 Main St,San Jose,CA,95198,1165000,1,2,2160,Townhouse
2804 Main St,San Jose,CA,95197,817000,5,3,2209,Single Family
9531 Main St,San Jose,CA,95198,2311000,4,1,2775,Apartment
4806 Main St,San Jose,CA,95187,735000,1,3,810,Single Family
9277 Main St,San Jose,CA,95176,1841000,1,1,956,Apartment
2072 Main St,San Jose,CA,95175,2996000,4,1,1973,Apartment
1554 Main St,San Jose,CA,95110,1861000,4,3,2220,Apartment
8648 Main St,San Jose,CA,95157,2724000,4,4,2131,Condo
7685 Main St,San Jose,CA,95186,1346000,2,4,3109,Single Family
772 Main St,San Jose,CA,95185,2342000,3,1,3666,Condo
6130 Main St,San Jose,CA,95197,2017000,2,3,1209,Apartment
4608 Main St,San Jose,CA,95151,2846000,1,1,822,Apartment
3279 Main St,San Jose,CA,95198,1453000,3,3,4945,Condo
2953 Main St,San Jose,CA,95179,1143000,3,3,3279,Condo
1331 Main St,San Jose,CA,95178,2774000,6,4,1960,Condo
8454 Main St,San Jose,CA,95113,1134000,3,2,4649,Apartment
7975 Main St,San Jose,CA,95149,2871000,3,3,3960,Apartment
9179 Main St,San Jose,CA,95141,1086000,1,1,3853,Townhouse
9324 Main St,San Jose,CA,95157,1563000,6,4,4228,Apartment
1563 Main St,San Jose,CA,95186,599000,1,3,4114,Condo
6626 Main St,San Jose,CA,95175,2754000,6,3,4507,Condo
5264 Main St,San Jose,CA,95183,2859000,5,4,2329,Condo
5922 Main St,San Jose,CA,95125,803000,5,3,1465,Condo
8816 Main St,San Jose,CA,95127,2883000,2,3,4321,Apartment
4287 Main St,San Jose,CA,95190,2104000,2,3,1601,Apartment
3496 Main St,San Jose,CA,95120,2633000,3,1,2667,Single Family
5883 Main St,San Jose,CA,95153,1372000,4,2,3493,Apartment
1386 Main St,San Jose,CA,95157,561000,2,2,4432,Townhouse
4950 Main St,San Jose,CA,95167,724000,5,3,1775,Apartment
7078 Main St,San Jose,CA,95113,2846000,5,3,1601,Single Family
860 Main St,San Jose,CA,95144,2233000,6,3,1064,Apartment
913 Main St,San Jose,CA,95193,2574000,3,2,1345,Condo
1722 Main St,San Jose,CA,95187,2405000,3,3,2957,Single Family
7855 Main St,San Jose,CA,95196,1215000,1,1,2179,Condo
8780 Main St,San Jose,CA,95197,581000,2,2,2727,Single Family
1278 Main St,San Jose,CA,95182,2783000,2,3,2014,Single Family
7679 Main St,San Jose,CA,95139,1297000,6,3,3643,Single Family
981 Main St,San Jose,CA,95111,2211000,3,3,3934,Condo
8059 Main St,San Jose,CA,95189,2847000,2,4,2625,Condo
9850 Main St,San Jose,CA,95186,1654000,4,1,1486,Apartment
4465 Main St,San Jose,CA,95186,1135000,1,4,2624,Apartment
6797 Main St,San Jose,CA,95166,2124000,2,2,1912,Single Family
7487 Main St,San Jose,CA,95140,1387000,1,1,1296,Single Family
6118 Main St,San Jose,CA,95111,1880000,4,1,1066,Single Family
5133 Main St,San Jose,CA,95178,563000,5,2,1761,Apartment
3483 Main St,San Jose,CA,95154,2133000,3,3,3926,Apartment
6017 Main St,San Jose,CA,95139,2431000,5,2,2365,Condo
3979 Main St,San Jose,CA,95171,2323000,2,2,1487,Townhouse
1223 Main St,San Jose,CA,95172,1024000,4,2,2899,Single Family
230 Main St,San Jose,CA,95126,533000,4,1,1621,Single Family
8338 Main St,San Jose,CA,95184,1321000,6,3,1457,Townhouse
2789 Main St,San Jose,CA,95142,2910000,1,4,2103,Single Family
921 Main St,San Jose,CA,95143,1223000,5,3,3455,Condo
2234 Main St,San Jose,CA,95198,1828000,3,3,2375,Apartment
4063 Main St,San Jose,CA,95165,2694000,1,2,1802,Apartment
939 Main St,San Jose,CA,95157,971000,5,1,2629,Single Family
7521 Main St,San Jose,CA,95152,969000,1,1,2087,Condo
588 Main St,San Jose,CA,95168,2216000,6,4,3657,Apartment
8839 Main St,San Jose,CA,95138,1943000,3,1,3051,Single Family
4807 Main St,San Jose,CA,95194,1014000,4,4,2585,Townhouse
9816 Main St,San Jose,CA,95141,2005000,2,1,3392,Apartment
4859 Main St,San Jose,CA,95125,1669000,2,3,2937,Townhouse
6234 Main St,San Jose,CA,95151,2919000,2,2,1572,Condo
2353 Main St,San Jose,CA,95159,1369000,1,1,2255,Condo
7041 Main St,San Jose,CA,95174,1464000,1,2,4889,Apartment
9348 Main St,San Jose,CA,95153,725000,3,3,4378,Townhouse
7356 Main St,San Jose,CA,95110,1419000,1,3,4626,Townhouse
6071 Main St,San Jose,CA,95192,1460000,6,3,3667,Apartment
8723 Main St,San Jose,CA,95120,1442000,4,2,1841,Apartment
7457 Main St,San Jose,CA,95150,2542000,6,3,4930,Single Family
6824 Main St,San Jose,CA,95141,2868000,1,2,1315,Condo
6278 Main St,San Jose,CA,95176,617000,3,2,1701,Apartment
6014 Main St,San Jose,CA,95113,2567000,2,2,3617,Single Family
4150 Main St,San Jose,CA,95182,1570000,3,4,1897,Condo
3700 Main St,San Jose,CA,95195,1227000,6,2,1417,Condo
7718 Main St,San Jose,CA,95189,2548000,3,3,4931,Apartment
4154 Main St,San Jose,CA,95191,1718000,4,3,4652,Apartment
8029 Main St,San Jose,CA,95172,2369000,4,2,3664,Single Family
3671 Main St,San Jose,CA,95118,655000,1,1,2050,Single Family
8392 Main St,San Jose,CA,95152,1892000,5,4,3116,Apartment
1261 Main St,San Jose,CA,95130,2336000,6,1,4619,Apartment
992 Main St,San Jose,CA,95196,642000,1,1,3306,Condo
5890 Main St,San Jose,CA,95139,1504000,6,3,4033,Single Family
8121 Main St,San Jose,CA,95132,702000,4,2,1137,Townhouse
4839 Main St,San Jose,CA,95152,2686000,6,1,3729,Single Family
6074 Main St,San Jose,CA,95123,1900000,1,2,4763,Single Family
9695 Main St,San Jose,CA,95164,733000,1,3,4670,Apartment
8207 Main St,San Jose,CA,95152,2933000,3,3,3272,Condo
5952 Main St,San Jose,CA,95179,1280000,5,3,1793,Single Family
5546 Main St,San Jose,CA,95170,1029000,5,4,1269,Single Family
428 Main St,San Jose,CA,95158,1223000,5,2,4925,Single Family
8274 Main St,San Jose,CA,95120,2515000,3,2,3193,Apartment
8934 Main St,San Jose,CA,95170,1131000,1,1,4928,Townhouse
8874 Main St,San Jose,CA,95180,758000,5,1,2495,Single Family
7345 Main St,San Jose,CA,95150,1308000,4,4,4487,Single Family
8188 Main St,San Jose,CA,95125,2948000,3,2,2352,Single Family
4761 Main St,San Jose,CA,95128,1631000,1,1,4564,Apartment
175 Main St,San Jose,CA,95193,1103000,4,1,1622,Single Family
6289 Main St,San Jose,CA,95114,1373000,3,4,1566,Single Family
6358 Main St,San Jose,CA,95193,1408000,1,3,2467,Condo
8639 Main St,San Jose,CA,95132,2377000,6,3,966,Condo
4917 Main St,San Jose,CA,95169,1283000,4,3,1729,Apartment
5756 Main St,San Jose,CA,95142,2324000,4,2,998,Townhouse
8468 Main St,San Jose,CA,95123,658000,4,1,1950,Apartment
961 Main St,San Jose,CA,95115,1340000,1,1,3712,Condo
9910 Main St,San Jose,CA,95114,2527000,1,4,3062,Condo
8113 Main St,San Jose,CA,95132,1585000,2,3,4018,Townhouse
7343 Main St,San Jose,CA,95161,810000,2,3,3153,Townhouse
8518 Main St,San Jose,CA,95147,2733000,6,2,3357,Condo
3434 Main St,San Jose,CA,95140,1086000,3,4,879,Single Family
2930 Main St,San Jose,CA,95119,1004000,6,2,4212,Apartment
373 Main St,San Jose,CA,95126,1614000,2,4,2805,Condo
7913 Main St,San Jose,CA,95133,1404000,4,1,1556,Condo
9199 Main St,San Jose,CA,95164,588000,4,2,2025,Townhouse
3081 Main St,San Jose,CA,95140,2884000,4,3,3433,Single Family
7770 Main St,San Jose,CA,95173,2822000,1,2,2591,Apartment
214 Main St,San Jose,CA,95168,1640000,1,3,3493,Apartment
7411 Main St,San Jose,CA,95136,621000,6,4,889,Single Family
9107 Main St,San Jose,CA,95153,2771000,1,1,1078,Condo
9659 Main St,San Jose,CA,95113,2009000,1,3,3428,Single Family
5301 Main St,San Jose,CA,95138,2813000,6,3,2815,Single Family
3570 Main St,San Jose,CA,95132,800000,3,3,3898,Single Family
1945 Main St,San Jose,CA,95137,1896000,4,2,947,Single Family
5479 Main St,San Jose,CA,95174,518000,4,3,4552,Single Family
3251 Main St,San Jose,CA,95140,2779000,3,4,3165,Single Family
4408 Main St,San Jose,CA,95199,1261000,4,1,1416,Townhouse
705 Main St,San Jose,CA,95169,1925000,1,1,2912,Apartment
3841 Main St,San Jose,CA,95168,1352000,6,2,1172,Condo
1199 Main St,San Jose,CA,95182,1360000,4,4,4382,Townhouse
9741 Main St,San Jose,CA,95165,2229000,5,2,4519,Condo
2723 Main St,San Jose,CA,95152,2911000,5,4,3065,Townhouse
7521 Main St,San Jose,CA,95185,1642000,3,2,2962,Single Family
9133 Main St,San Jose,CA,95174,1334000,3,2,4257,Single Family
2123 Main St,San Jose,CA,95163,2694000,3,4,2219,Single Family
6062 Main St,San Jose,CA,95188,611000,6,4,3104,Condo
4665 Main St,San Jose,CA,95162,967000,2,2,2209,Townhouse
5681 Main St,San Jose,CA,95118,1009000,5,3,1899,Apartment
787 Main St,San Jose,CA,95194,513000,2,3,3810,Condo
4104 Main St,San Jose,CA,95167,1537000,5,2,2448,Condo
3180 Main St,San Jose,CA,95199,524000,6,4,4028,Townhouse
821 Main St,San Jose,CA,95157,1017000,6,1,3988,Townhouse
4169 Main St,San Jose,CA,95158,1854000,3,2,4822,Townhouse
6741 Main St,San Jose,CA,95159,636000,6,2,5000,Condo
5378 Main St,San Jose,CA,95125,673000,4,1,3875,Single Family
6087 Main St,San Jose,CA,95159,2917000,1,1,1839,Townhouse
6864 Main St,San Jose,CA,95144,1896000,3,1,2584,Condo
4345 Main St,San Jose,CA,95130,2122000,6,3,2157,Single Family
594 Main St,San Jose,CA,95114,947000,3,4,2509,Condo
5762 Main St,San Jose,CA,95110,2725000,4,1,3046,Townhouse
9025 Main St,San Jose,CA,95135,2864000,2,2,2976,Townhouse
2035 Main St,San Jose,CA,95169,1333000,3,1,4985,Apartment
4887 Main St,San Jose,CA,95150,597000,2,3,1384,Townhouse
6581 Main St,San Jose,CA,95188,1656000,4,2,3550,Single Family
717 Main St,San Jose,CA,95176,617000,3,1,1471,Condo
3060 Main St,San Jose,CA,95194,2284000,4,1,829,Single Family
5553 Main St,San Jose,CA,95150,676000,2,2,1942,Single Family
2772 Main St,San Jose,CA,95127,1195000,2,1,1300,Apartment
5459 Main St,San Jose,CA,95119,2891000,2,2,4095,Townhouse
6747 Main St,San Jose,CA,95118,1648000,1,1,1458,Apartment
8786 Main St,San Jose,CA,95112,894000,2,4,3602,Single Family
9408 Main St,San Jose,CA,95143,1465000,1,1,1150,Condo
2963 Main St,San Jose,CA,95138,2061000,5,1,3121,Apartment
5124 Main St,San Jose,CA,95142,848000,6,2,1512,Condo
3628 Main St,San Jose,CA,95170,2179000,6,4,3765,Townhouse
878 Main St,San Jose,CA,95124,2980000,3,2,3104,Apartment
5380 Main St,San Jose,CA,95179,2492000,1,1,2954,Condo
6978 Main St,San Jose,CA,95155,2756000,1,4,3649,Condo
3905 Main St,San Jose,CA,95168,799000,5,3,4642,Condo
8039 Main St,San Jose,CA,95161,508000,4,1,3693,Single Family
3596 Main St,San Jose,CA,95139,2714000,1,1,4941,Single Family
9999 Main St,San Jose,CA,95115,2154000,1,1,3474,Apartment
4931 Main St,San Jose,CA,95181,1722000,1,4,3802,Single Family
4278 Main St,San Jose,CA,95129,586000,4,1,4117,Single Family
1571 Main St,San Jose,CA,95190,1153000,4,3,2142,Townhouse
9742 Main St,San Jose,CA,95172,1817000,1,3,1112,Townhouse
3025 Main St,San Jose,CA,95153,2832000,2,1,4074,Apartment
7474 Main St,San Jose,CA,95128,1333000,3,3,2370,Apartment
9269 Main St,San Jose,CA,95198,1294000,1,3,915,Condo
6060 Main St,San Jose,CA,95136,2050000,4,4,1501,Condo
5305 Main St,San Jose,CA,95156,1521000,5,4,2076,Condo
6445 Main St,San Jose,CA,95182,2636000,6,3,3652,Apartment
7041 Main St,San Jose,CA,95127,1542000,5,3,1927,Townhouse
1635 Main St,San Jose,CA,95142,2773000,4,3,4074,Single Family
6551 Main St,San Jose,CA,95111,699000,4,1,1490,Apartment
3576 Main St,San Jose,CA,95171,1982000,4,2,4462,Condo
277 Main St,San Jose,CA,95187,845000,2,1,812,Single Family
8393 Main St,San Jose,CA,95110,1558000,4,2,4097,Townhouse
659 Main St,San Jose,CA,95115,2685000,4,2,4716,Apartment
4660 Main St,San Jose,CA,95144,1773000,3,3,2604,Townhouse
2179 Main St,San Jose,CA,95179,1855000,6,3,2359,Townhouse
8439 Main St,San Jose,CA,95116,599000,5,1,1618,Condo
7853 Main St,San Jose,CA,95188,1647000,5,3,4827,Apartment
2506 Main St,San Jose,CA,95110,1418000,3,4,3021,Apartment
8478 Main St,San Jose,CA,95135,722000,5,1,884,Condo
7313 Main St,San Jose,CA,95156,2971000,5,4,2754,Single Family
8354 Main St,San Jose,CA,95125,2558000,6,3,3594,Single Family
7597 Main St,San Jose,CA,95166,2923000,5,3,1321,Townhouse
2510 Main St,San Jose,CA,95130,2746000,5,4,2364,Townhouse
3597 Main St,San Jose,CA,95129,2040000,4,4,1224,Apartment
9296 Main St,San Jose,CA,95186,874000,5,1,3938,Apartment
9842 Main St,San Jose,CA,95126,2681000,6,1,2718,Apartment
7526 Main St,San Jose,CA,95136,1159000,3,3,3199,Condo
3646 Main St,San Jose,CA,95133,1322000,3,4,4661,Townhouse
5351 Main St,San Jose,CA,95191,2426000,4,2,2737,Apartment
6726 Main St,San Jose,CA,95132,1968000,3,4,2416,Townhouse
2792 Main St,San Jose,CA,95115,739000,2,3,3239,Apartment
9439 Main St,San Jose,CA,95157,634000,2,2,2790,Townhouse
4296 Main St,San Jose,CA,95112,1192000,3,4,3708,Townhouse
5072 Main St,San Jose,CA,95154,614000,3,3,3461,Single Family
8402 Main St,San Jose,CA,95178,2827000,1,4,3526,Single Family
3368 Main St,San Jose,CA,95131,2962000,6,4,1637,Apartment
5452 Main St,San Jose,CA,95112,1385000,6,2,2797,Townhouse
6398 Main St,San Jose,CA,95143,2295000,2,4,1833,Townhouse
4458 Main St,San Jose,CA,95165,587000,3,1,3982,Apartment
6787 Main St,San Jose,CA,95187,2854000,3,4,3237,Single Family
5509 Main St,San Jose,CA,95174,1762000,3,3,4381,Single Family
4419 Main St,San Jose,CA,95191,2529000,2,2,1767,Condo
6271 Main St,San Jose,CA,95115,878000,4,2,3444,Townhouse
3746 Main St,San Jose,CA,95188,2779000,6,3,3664,Apartment
4916 Main St,San Jose,CA,95118,2511000,3,2,4152,Apartment
8575 Main St,San Jose,CA,95153,2691000,5,3,2007,Apartment
5861 Main St,San Jose,CA,95162,1775000,1,3,1349,Single Family
3366 Main St,San Jose,CA,95198,993000,5,2,2550,Single Family
4900 Main St,San Jose,CA,95183,2456000,3,4,2499,Single Family
273 Main St,San Jose,CA,95151,2776000,2,2,2957,Apartment
118 Main St,San Jose,CA,95176,2579000,5,4,4261,Townhouse
595 Main St,San Jose,CA,95111,2934000,6,2,4432,Single Family
3645 Main St,San Jose,CA,95187,2550000,3,2,4432,Condo
2893 Main St,San Jose,CA,95167,2502000,3,4,1308,Condo
3192 Main St,San Jose,CA,95153,2509000,5,3,3489,Single Family
1307 Main St,San Jose,CA,95199,1407000,5,3,2475,Single Family
7576 Main St,San Jose,CA,95186,778000,1,3,4335,Apartment
142 Main St,San Jose,CA,95165,910000,3,4,1205,Apartment
2478 Main St,San Jose,CA,95122,519000,6,3,2281,Townhouse
9303 Main St,San Jose,CA,95182,895000,3,4,3960,Condo
1779 Main St,San Jose,CA,95120,1800000,2,1,3243,Apartment
6374 Main St,San Jose,CA,95182,2756000,6,3,3802,Apartment
6617 Main St,San Jose,CA,95142,1819000,3,2,2713,Apartment
5522 Main St,San Jose,CA,95195,2755000,6,4,1060,Condo
2574 Main St,San Jose,CA,95162,2963000,2,4,822,Apartment
8916 Main St,San Jose,CA,95178,2788000,1,3,2066,Condo
5039 Main St,San Jose,CA,95126,2750000,1,3,3213,Townhouse
5189 Main St,San Jose,CA,95166,2766000,6,1,4073,Apartment
7450 Main St,San Jose,CA,95114,1399000,1,4,879,Townhouse
8289 Main St,San Jose,CA,95124,2789000,1,1,1846,Townhouse
7040 Main St,San Jose,CA,95174,602000,2,2,833,Single Family
4633 Main St,San Jose,CA,95160,2576000,2,3,3233,Condo
770 Main St,San Jose,CA,95198,2254000,1,1,2035,Townhouse
246 Main St,San Jose,CA,95182,1582000,5,4,2958,Condo
4933 Main St,San Jose,CA,95175,1602000,2,3,2487,Townhouse
3813 Main St,San Jose,CA,95169,1093000,3,2,3261,Townhouse
8713 Main St,San Jose,CA,95176,1664000,5,1,2383,Apartment
3843 Main St,San Jose,CA,95142,992000,6,3,3820,Single Family
6481 Main St,San Jose,CA,95123,1233000,4,1,1733,Townhouse
9511 Main St,San Jose,CA,95148,1229000,5,3,3958,Townhouse
6405 Main St,San Jose,CA,95186,608000,1,2,4458,Townhouse
807 Main St,San Jose,CA,95184,595000,3,2,4645,Single Family
3414 Main St,San Jose,CA,95153,1235000,1,2,2687,Single Family
7927 Main St,San Jose,CA,95156,1551000,6,2,1478,Townhouse
1234 Main St,San Jose,CA,95169,1465000,2,1,4239,Townhouse
3230 Main St,San Jose,CA,95195,1956000,3,2,2230,Single Family
1828 Main St,San Jose,CA,95121,1659000,4,1,1258,Condo
2718 Main St,San Jose,CA,95186,853000,1,1,1836,Single Family
1036 Main St,San Jose,CA,95126,2188000,4,4,1297,Single Family
3498 Main St,San Jose,CA,95188,917000,5,3,1401,Condo
3730 Main St,San Jose,CA,95135,521000,2,2,3127,Condo
3645 Main St,San Jose,CA,95144,1868000,3,2,3860,Single Family
7810 Main St,San Jose,CA,95195,754000,6,2,3747,Townhouse
1407 Main St,San Jose,CA,95164,1716000,6,2,3743,Apartment
3084 Main St,San Jose,CA,95154,1195000,5,2,2677,Single Family
3544 Main St,San Jose,CA,95159,2548000,3,4,1970,Condo
9176 Main St,San Jose,CA,95119,2878000,6,3,1204,Condo
3995 Main St,San Jose,CA,95196,554000,6,4,4474,Apartment
3544 Main St,San Jose,CA,95168,864000,2,4,2221,Condo
6002 Main St,San Jose,CA,95197,2311000,3,2,1234,Townhouse
2345 Main St,San Jose,CA,95185,1183000,1,2,1947,Apartment
6804 Main St,San Jose,CA,95181,1337000,6,2,3047,Single Family
5623 Main St,San Jose,CA,95144,849000,2,4,2167,Townhouse
6833 Main St,San Jose,CA,95155,1752000,5,2,826,Single Family
4428 Main St,San Jose,CA,95141,1237000,2,1,1892,Townhouse
1643 Main St,San Jose,CA,95188,1422000,4,1,3934,Townhouse
1912 Main St,San Jose,CA,95172,1010000,6,4,1900,Condo
315 Main St,San Jose,CA,95188,1763000,4,1,3436,Condo
8515 Main St,San Jose,CA,95176,1806000,4,3,3011,Apartment
3725 Main St,San Jose,CA,95193,2212000,5,2,4527,Apartment
1460 Main St,San Jose,CA,95124,2192000,4,3,2242,Apartment
6162 Main St,San Jose,CA,95133,2631000,3,1,4873,Single Family
4620 Main St,San Jose,CA,95164,994000,5,4,2742,Single Family
3425 Main St,San Jose,CA,95198,2109000,1,3,3739,Single Family
6320 Main St,San Jose,CA,95176,2580000,3,4,3790,Apartment
8288 Main St,San Jose,CA,95150,2255000,6,1,1941,Single Family
9915 Main St,San Jose,CA,95130,2189000,5,1,1843,Townhouse
5922 Main St,San Jose,CA,95149,2971000,6,4,1267,Condo
6906 Main St,San Jose,CA,95136,2390000,5,4,2304,Apartment
708 Main St,San Jose,CA,95119,803000,6,2,1577,Condo
8698 Main St,San Jose,CA,95146,1183000,1,4,3912,Single Family
5118 Main St,San Jose,CA,95195,2591000,3,1,3148,Single Family
793 Main St,San Jose,CA,95178,900000,2,1,3556,Townhouse
3879 Main St,San Jose,CA,95156,680000,6,2,871,Townhouse
9770 Main St,San Jose,CA,95122,2016000,4,4,4372,Townhouse
482 Main St,San Jose,CA,95191,2862000,6,1,4815,Apartment
1199 Main St,San Jose,CA,95166,717000,3,3,3770,Apartment
9911 Main St,San Jose,CA,95153,2400000,1,3,2593,Condo
1019 Main St,San Jose,CA,95169,2075000,6,1,2088,Townhouse
2471 Main St,San Jose,CA,95194,2930000,1,2,1185,Single Family
407 Main St,San Jose,CA,95166,1023000,1,4,4149,Apartment
3570 Main St,San Jose,CA,95174,1344000,1,4,2863,Apartment
4294 Main St,San Jose,CA,95128,1063000,2,4,3021,Townhouse
2074 Main St,San Jose,CA,95185,2019000,6,3,1777,Townhouse
1515 Main St,San Jose,CA,95155,1067000,6,1,3920,Condo
4934 Main St,San Jose,CA,95136,724000,4,4,3595,Apartment
9893 Main St,San Jose,CA,95151,1632000,2,3,1434,Single Family
2949 Main St,San Jose,CA,95147,1736000,6,2,3631,Townhouse
8373 Main St,San Jose,CA,95125,1271000,1,1,1978,Single Family
8411 Main St,San Jose,CA,95126,1746000,4,3,4711,Apartment
5725 Main St,San Jose,CA,95160,949000,2,3,2801,Single Family
7958 Main St,San Jose,CA,95135,1771000,1,4,3301,Condo
6324 Main St,San Jose,CA,95172,779000,6,4,3121,Single Family
1699 Main St,San Jose,CA,95122,2059000,3,2,4441,Condo
9137 Main St,San Jose,CA,95125,1034000,1,4,4063,Condo
811 Main St,San Jose,CA,95147,1174000,4,3,4130,Townhouse
5607 Main St,San Jose,CA,95190,1882000,6,4,3694,Townhouse
4593 Main St,San Jose,CA,95194,804000,3,4,2023,Condo
7119 Main St,San Jose,CA,95172,2772000,3,1,2784,Single Family
1453 Main St,San Jose,CA,95197,664000,5,1,2349,Single Family
8925 Main St,San Jose,CA,95127,2742000,3,3,3368,Condo
1368 Main St,San Jose,CA,95148,2380000,3,2,1347,Condo
2301 Main St,San Jose,CA,95191,2377000,5,2,3813,Apartment
6119 Main St,San Jose,CA,95128,1974000,6,4,3705,Townhouse
8725 Main St,San Jose,CA,95196,1865000,6,2,4208,Apartment
609 Main St,San Jose,CA,95164,564000,4,3,2355,Townhouse
5151 Main St,San Jose,CA,95174,1006000,2,2,3704,Apartment
9448 Main St,San Jose,CA,95154,779000,3,2,926,Apartment
1382 Main St,San Jose,CA,95114,684000,4,1,4998,Condo
6898 Main St,San Jose,CA,95128,1923000,1,2,820,Single Family
4089 Main St,San Jose,CA,95136,1405000,1,2,4775,Townhouse
7125 Main St,San Jose,CA,95124,2949000,1,1,1287,Apartment
1263 Main St,San Jose,CA,95184,1059000,5,2,1665,Condo
8254 Main St,San Jose,CA,95163,2610000,5,4,3792,Condo
3411 Main St,San Jose,CA,95149,1287000,3,2,881,Condo
4944 Main St,San Jose,CA,95156,1746000,1,2,3310,Single Family
9038 Main St,San Jose,CA,95112,1766000,4,2,4359,Apartment
1649 Main St,San Jose,CA,95196,2479000,2,2,4511,Apartment
3311 Main St,San Jose,CA,95145,2528000,5,3,4950,Condo
1299 Main St,San Jose,CA,95148,587000,1,1,1092,Townhouse
2508 Main St,San Jose,CA,95190,2788000,1,4,4771,Townhouse
7363 Main St,San Jose,CA,95152,1945000,5,4,2008,Apartment
2168 Main St,San Jose,CA,95162,566000,5,3,1782,Single Family
4947 Main St,San Jose,CA,95168,797000,5,2,2838,Condo
3399 Main St,San Jose,CA,95121,2116000,4,2,1661,Single Family
5309 Main St,San Jose,CA,95177,1657000,5,4,4867,Townhouse
1296 Main St,San Jose,CA,95160,2418000,3,1,4623,Apartment
7689 Main St,San Jose,CA,95126,2239000,5,2,2722,Townhouse
5446 Main St,San Jose,CA,95116,2700000,6,1,1887,Apartment
447 Main St,San Jose,CA,95153,740000,6,2,1757,Condo
1199 Main St,San Jose,CA,95173,2223000,6,1,1888,Single Family
7708 Main St,San Jose,CA,95171,1565000,5,3,1813,Single Family
5097 Main St,San Jose,CA,95131,1321000,1,2,3452,Townhouse
6238 Main St,San Jose,CA,95177,940000,3,3,4712,Condo
7417 Main St,San Jose,CA,95199,1461000,1,2,2907,Single Family
5497 Main St,San Jose,CA,95164,2932000,2,1,4471,Condo
9664 Main St,San Jose,CA,95133,521000,6,1,3019,Townhouse
9226 Main St,San Jose,CA,95119,883000,1,2,3366,Townhouse
3568 Main St,San Jose,CA,95113,2416000,5,2,4413,Townhouse
2575 Main St,San Jose,CA,95195,2323000,4,1,4686,Apartment
152 Main St,San Jose,CA,95190,933000,5,4,2589,Single Family
1505 Main St,San Jose,CA,95199,2301000,1,3,3253,Condo
5021 Main St,San Jose,CA,95148,778000,5,4,932,Condo
5404 Main St,San Jose,CA,95112,612000,2,3,3350,Single Family
6821 Main St,San Jose,CA,95163,2639000,5,3,1821,Condo
2778 Main St,San Jose,CA,95199,2278000,3,1,2011,Apartment
5285 Main St,San Jose,CA,95170,1246000,6,3,3384,Single Family
7337 Main St,San Jose,CA,95120,2231000,6,2,3504,Apartment
8510 Main St,San Jose,CA,95180,2032000,1,4,2535,Condo
6710 Main St,San Jose,CA,95126,2466000,1,1,1999,Condo
3466 Main St,San Jose,CA,95145,1517000,4,3,4524,Single Family
3013 Main St,San Jose,CA,95144,1586000,3,3,1678,Townhouse
8373 Main St,San Jose,CA,95118,869000,3,1,1624,Single Family
5344 Main St,San Jose,CA,95194,1510000,2,2,1848,Single Family
9196 Main St,San Jose,CA,95199,2284000,2,4,1385,Single Family
1425 Main St,San Jose,CA,95128,1722000,5,2,1535,Single Family
5684 Main St,San Jose,CA,95193,2568000,2,1,1275,Townhouse
2603 Main St,San Jose,CA,95166,695000,3,1,3388,Single Family
8554 Main St,San Jose,CA,95189,958000,3,1,939,Townhouse
5708 Main St,San Jose,CA,95131,2211000,1,1,2085,Townhouse
6108 Main St,San Jose,CA,95154,2394000,3,4,1727,Single Family
1250 Main St,San Jose,CA,95168,1061000,5,1,3960,Single Family
5088 Main St,San Jose,CA,95161,2542000,5,2,4656,Apartment
9094 Main St,San Jose,CA,95110,2171000,4,4,1505,Townhouse
3843 Main St,San Jose,CA,95166,1890000,2,1,1894,Single Family
3653 Main St,San Jose,CA,95170,2315000,5,3,1583,Single Family
9268 Main St,San Jose,CA,95131,1144000,2,1,1236,Condo
3508 Main St,San Jose,CA,95125,1958000,6,4,1784,Townhouse
8231 Main St,San Jose,CA,95139,2597000,6,4,4502,Apartment
9186 Main St,San Jose,CA,95175,2642000,5,3,2308,Condo
316 Main St,San Jose,CA,95172,2944000,4,2,1670,Townhouse
6980 Main St,San Jose,CA,95148,2607000,5,2,3090,Apartment
6864 Main St,San Jose,CA,95111,1924000,5,1,1515,Single Family
5800 Main St,San Jose,CA,95186,2314000,5,3,2218,Condo
9015 Main St,San Jose,CA,95110,2581000,4,3,2401,Townhouse
5779 Main St,San Jose,CA,95146,2824000,1,2,1906,Condo
5515 Main St,San Jose,CA,95125,1137000,2,3,1814,Single Family
701 Main St,San Jose,CA,95152,1806000,3,2,4240,Single Family
4006 Main St,San Jose,CA,95122,1274000,2,4,1833,Single Family
9285 Main St,San Jose,CA,95140,770000,3,4,1946,Condo
5657 Main St,San Jose,CA,95172,1550000,5,4,1293,Apartment
5641 Main St,San Jose,CA,95157,559000,2,1,1292,Condo
5581 Main St,San Jose,CA,95114,2775000,6,1,2355,Condo
5779 Main St,San Jose,CA,95153,2136000,1,2,1644,Single Family
7451 Main St,San Jose,CA,95154,951000,6,2,3434,Townhouse
5535 Main St,San Jose,CA,95151,2516000,1,4,1133,Condo
5798 Main St,San Jose,CA,95192,718000,1,2,4777,Condo
3579 Main St,San Jose,CA,95186,2040000,1,3,3021,Condo
3946 Main St,San Jose,CA,95161,1776000,3,1,4715,Apartment
4279 Main St,San Jose,CA,95123,692000,2,1,4754,Single Family
4011 Main St,San Jose,CA,95172,1872000,6,2,2352,Condo
4140 Main St,San Jose,CA,95162,2087000,2,4,919,Apartment
5231 Main St,San Jose,CA,95155,2775000,2,1,1007,Single Family
653 Main St,San Jose,CA,95174,782000,4,1,2213,Townhouse
1703 Main St,San Jose,CA,95158,2752000,3,1,4201,Townhouse
6689 Main St,San Jose,CA,95158,627000,2,4,996,Apartment
8275 Main St,San Jose,CA,95111,2474000,4,2,4745,Townhouse
2230 Main St,San Jose,CA,95154,1589000,4,1,4705,Condo
4944 Main St,San Jose,CA,95167,1020000,4,4,2658,Apartment
3117 Main St,San Jose,CA,95129,2488000,3,4,2172,Apartment
2997 Main St,San Jose,CA,95173,1974000,5,2,4355,Single Family
8980 Main St,San Jose,CA,95146,2488000,5,4,1148,Single Family
6810 Main St,San Jose,CA,95154,651000,3,4,1573,Townhouse
9392 Main St,San Jose,CA,95166,655000,6,1,3094,Townhouse
9516 Main St,San Jose,CA,95127,1023000,3,2,4038,Single Family
6570 Main St,San Jose,CA,95140,1996000,6,4,4545,Townhouse
9522 Main St,San Jose,CA,95182,1108000,4,4,3280,Townhouse
